Feature,Coefficient
StoreType_b,2301.1424890211197
IsWeekend,1214.7067372247277
StoreType_a,1070.5753850574192
CompetitionDistance,605.2147789214894
Month,250.8606447543132
Assortment_b,170.41656786165254
Year,26.127876846919197
IsHoliday,14.991812571478537
DayOfWeek,-7.69830518569438
WeekOfYear,-41.878321952001365
Assortment_c,-60.1123330698033
Assortment_a,-110.30423479184947
StoreType_c,-803.4824894175026
StoreType_d,-2568.2353846610404
