Feature,Coefficient
StoreType_b,2304.0307106554296
IsWeekend,1216.3215980549444
StoreType_a,1070.344076788996
CompetitionDistance,604.9645301610647
Month,247.50123855129092
Assortment_b,171.45083116590234
Year,28.993409307582677
IsHoliday,12.833027731257513
DayOfWeek,-8.756805049159766
WeekOfYear,-36.82627729042956
Assortment_c,-60.299049582248244
Assortment_a,-111.15178158365006
StoreType_c,-804.1911875182793
StoreType_d,-2570.183599926165
